source_type,heading,src,bucket,format,program,program_hint,publish_date,tier,slug
news,Astropolitics | Bertelsmann Site Dedicated to Geopolitics,contentful,highlights (review 9 news),,RE-TAG (no workstream),Astropolitics,,unknown (no publish_date),astropolitics-bertelsmann-site-dedicated-to-geopolitics
news,Documentary Film | Lithium Rising: The Race for Critical Minerals,contentful,highlights (review 9 news),,RE-TAG (no workstream),Critical Minerals,,unknown (no publish_date),documentary-film-lithium-rising-the-race-for-critical-minerals
news,Documentary Film | The Open Veins of Potosi,contentful,highlights (review 9 news),,RE-TAG (no workstream),BFNA Documentaries,,unknown (no publish_date),documentary-film-the-open-veins-of-potosi
news, Indo-Pacific Nexus | Bertelsmann Site Dedicated to the Dynamic Region,contentful,highlights (review 9 news),,RE-TAG (no workstream),Indo-Pacific Nexus,,unknown (no publish_date),indo-pacific-nexus-bertelsmann-site-dedicated-to-the-dynamic-region
news,Infographic | Space Mining ,contentful,highlights (review 9 news),,RE-TAG (no workstream),,,unknown (no publish_date),infographic-space-mining
news,Latest Issue | Transponder: The Future,directus,highlights (review 9 news),,RE-TAG (no workstream),Transponder Magazine,,unknown (no publish_date),latest-issue-transponder-the-future
news,New Documentary| Motown South: Organized Labor in the Battery Belt,directus,highlights (review 9 news),,RE-TAG (no workstream),BFNA Documentaries,,unknown (no publish_date),new-documentary-motown-south-organized-labor-in-the-battery-belt
news,New Documentary| Nickel Land: Indonesia's Critical Mineral,directus,highlights (review 9 news),,RE-TAG (no workstream),BFNA Documentaries,,unknown (no publish_date),new-documentary-nickel-land-indonesias-critical-mineral
news,New Infographic | Strength in Numbers,directus,highlights (review 9 news),,RE-TAG (no workstream),,,unknown (no publish_date),new-infographic-strength-in-numbers
news,NEW PODCAST: The Transponder - Astropolitics,directus,highlights (review 9 news),,RE-TAG (no workstream),Astropolitics,,unknown (no publish_date),new-podcast-the-transponder-astropolitics
news,New Publication | Lithium Rising: The Race for Critical Minerals,directus,highlights (review 9 news),,RE-TAG (no workstream),Critical Minerals,,unknown (no publish_date),new-publication-lithium-rising-the-race-for-critical-minerals
news,New Site | Indo-Pacific Nexus,directus,highlights (review 9 news),,RE-TAG (no workstream),Indo-Pacific Nexus,,unknown (no publish_date),new-site-indo-pacific-nexus
news,Podcast | The Transponder,contentful,highlights (review 9 news),,RE-TAG (no workstream),Transponder Magazine,,unknown (no publish_date),podcast-the-transponder
news,Publication | Lithium Rising: The Race for Critical Minerals,contentful,highlights (review 9 news),,RE-TAG (no workstream),Critical Minerals,,unknown (no publish_date),publication-lithium-rising-the-race-for-critical-minerals
news,Transatlantic Barometer  | New Indicator: Foreign Aid,contentful,highlights (review 9 news),,RE-TAG (no workstream),Transatlantic Barometer,,unknown (no publish_date),transatlantic-barometer-new-indicator-foreign-aid
news,Transatlantic Barometer  | New Indicator: Start Ups,directus,highlights (review 9 news),,RE-TAG (no workstream),Transatlantic Barometer,,unknown (no publish_date),transatlantic-barometer-new-indicator-start-ups
news,Welcome Bertelsmann Foundation Fellowship Class of 2026,contentful,highlights (review 9 news),,RE-TAG (no workstream),Fellowship (BFF),,unknown (no publish_date),welcome-bertelsmann-foundation-fellowship-class-of-2026
infographic,12 Days of Christmas in Europe ,directus,insights,infographic,Transatlantic Relations & Global Challenges,,2014-12-17,archive (3y+),12-days-of-christmas-in-europe
infographic,2020 Senate Races Overshadowed by Trump,directus,insights,infographic,Transatlantic Relations & Global Challenges,,2019-09-19,archive (3y+),2020-senate-races-overshadowed-by-trump
infographic,A New Era of German-Turkish Cooperation?,directus,insights,infographic,Transatlantic Relations & Global Challenges,,2015-10-29,archive (3y+),a-new-era-of-german-turkish-cooperation
infographic,A Shred of Doubt Brexit’s Future,directus,insights,infographic,Transatlantic Relations & Global Challenges,,2019-01-30,archive (3y+),a-shred-of-doubt-brexits-future
infographic,American Democracy on Unstable Ground,directus,insights,infographic,Democracy,,2021-05-25,archive (3y+),american-democracy-on-unstable-ground
infographic,Austrian Elections,directus,insights,infographic,Democracy,Election Analysis,2016-05-19,archive (3y+),austrian-elections
infographic,Breaking Barriers,directus,insights,infographic,Transatlantic Relations & Global Challenges,,2017-07-21,archive (3y+),breaking-barriers
infographic,Breaking Down Barriers,directus,insights,infographic,Transatlantic Relations & Global Challenges,,2018-07-30,archive (3y+),breaking-down-barriers
infographic,Building Resilient Democracy in the 21st Century,directus,insights,infographic,Democracy,,2019-07-24,archive (3y+),building-resilient-democracy-in-the-21st-century
infographic,Checkmate,directus,insights,infographic,Transatlantic Relations & Global Challenges,,2016-11-17,archive (3y+),checkmate
infographic,China’s Belt and Road Initiative,directus,insights,infographic,Transatlantic Relations & Global Challenges,,2019-06-27,archive (3y+),chinas-belt-and-road-initiative
infographic,Crisis and Consequences,directus,insights,infographic,Transatlantic Relations & Global Challenges,,2021-04-23,archive (3y+),crisis-and-consequences
infographic,Democracy’s Canary in a Coal Mine,directus,insights,infographic,Democracy,,2019-05-07,archive (3y+),democracys-canary-in-a-coal-mine
infographic,E-Commerce vs. Digital Trade,directus,insights,infographic,PENDING-Q3 (Digital World retired),,2019-12-20,archive (3y+),e-commerce-vs-digital-trade
infographic,EU Enlargement,directus,insights,infographic,Transatlantic Relations & Global Challenges,,2019-11-27,archive (3y+),eu-enlargement
infographic,Europe's Migration Muddle,directus,insights,infographic,Transatlantic Relations & Global Challenges,,2015-08-22,archive (3y+),europes-migration-muddle
infographic,Fresco or Fiasco,directus,insights,infographic,Democracy,,2018-02-27,archive (3y+),fresco-or-fiasco
infographic,Germany's Newpolitik,directus,insights,infographic,Transatlantic Relations & Global Challenges,,2016-10-12,archive (3y+),germanys-newpolitik
infographic,Germany’s Political Shake-Up,directus,insights,infographic,Transatlantic Relations & Global Challenges,,2020-02-27,archive (3y+),germanys-political-shake-up
infographic,Greece Under a Microscope,directus,insights,infographic,Transatlantic Relations & Global Challenges,,2015-01-20,archive (3y+),greece-under-a-microscope
infographic,Greek Debt Crisis: Sisyphus' Latest Challenge,directus,insights,infographic,Transatlantic Relations & Global Challenges,,2015-07-23,archive (3y+),greek-debt-crisis-sisyphus-latest-challenge
infographic,Greek Debt Crisis: Will the Last Domino Stand?,directus,insights,infographic,Transatlantic Relations & Global Challenges,,2015-06-24,archive (3y+),greek-debt-crisis-will-the-last-domino-stand
infographic,Health Care on Life Support,directus,insights,infographic,Transatlantic Relations & Global Challenges,,2017-03-23,archive (3y+),health-care-on-life-support
infographic,How Important is NATO?,directus,insights,infographic,Transatlantic Relations & Global Challenges,,2023-02-02,archive (3y+),how-important-is-nato
infographic,"Infographic: AI Research and Development in the U.S., EU and China",directus,insights,infographic,PENDING-Q3 (Digital World retired),,2023-09-12,active,infographic-ai-research-and-development-in-the-u-s-eu-and-china
infographic,Infographic: Cybersecurity ,directus,insights,infographic,PENDING-Q3 (Digital World retired),,2023-11-14,active,infographic-cybersecurity
infographic,Major European Migration Flows from the 1990s to Present,directus,insights,infographic,Transatlantic Relations & Global Challenges,,2015-09-24,archive (3y+),major-european-migration-flows-from-the-1990s-to-present
infographic,NATO at 70 Military Spending,directus,insights,infographic,Transatlantic Relations & Global Challenges,,2019-04-30,archive (3y+),nato-at-70-military-spending
infographic,Pandemic Politics in Germany,directus,insights,infographic,Transatlantic Relations & Global Challenges,,2020-06-11,archive (3y+),pandemic-politics-in-germany
infographic,Profiting in the Age of COVID-19,directus,insights,infographic,PENDING-Q3 (Digital World retired),,2020-03-26,archive (3y+),profiting-in-the-age-of-covid-19
infographic,Referendum Retrospective,directus,insights,infographic,Transatlantic Relations & Global Challenges,,2016-06-20,archive (3y+),referendum-retrospective
infographic,Russia's Economy,directus,insights,infographic,Transatlantic Relations & Global Challenges,,2015-04-16,archive (3y+),russias-economy
infographic,Social Inequity,directus,insights,infographic,Transatlantic Relations & Global Challenges,,2016-02-22,archive (3y+),social-inequity
infographic,Something to Snack On,directus,insights,infographic,Transatlantic Relations & Global Challenges,,2015-05-31,archive (3y+),something-to-snack-on
infographic,Strength in Numbers,directus,insights,infographic,Transatlantic Relations & Global Challenges,,2025-10-01,active,strength-in-numbers
infographic,The Demander in Chief,directus,insights,infographic,Democracy,,2021-02-23,archive (3y+),the-demander-in-chief
infographic,The Downing of Turkish-Russian Relations,directus,insights,infographic,Transatlantic Relations & Global Challenges,,2015-12-14,archive (3y+),the-downing-of-turkish-russian-relations
infographic,The Economics of Brexit,directus,insights,infographic,Transatlantic Relations & Global Challenges,,2015-11-30,archive (3y+),the-economics-of-brexit
infographic,The EU's Arc of Instability,directus,insights,infographic,Transatlantic Relations & Global Challenges,,2016-04-05,archive (3y+),the-eus-arc-of-instability
infographic,The French Presidential Election: Who's in the Running?,directus,insights,infographic,Transatlantic Relations & Global Challenges,Election Analysis,2022-04-07,archive (3y+),the-french-presidential-election-whos-in-the-running
infographic,The Long Road to Rio,directus,insights,infographic,Transatlantic Relations & Global Challenges,,2016-08-11,archive (3y+),the-long-road-to-rio
infographic,The Many Shades of Democracy,directus,insights,infographic,Democracy,,2018-09-24,archive (3y+),the-many-shades-of-democracy
infographic,The Post-Pandemic Future of Work,directus,insights,infographic,PENDING-Q3 (Digital World retired),,2021-03-23,archive (3y+),the-post-pandemic-future-of-work
infographic,The Ukraine Crisis: Which countries are accepting refugees within the transatlantic community?,directus,insights,infographic,Transatlantic Relations & Global Challenges,,2023-01-18,archive (3y+),the-ukraine-crisis-which-countries-are-accepting-refugees-within-the-transatlantic-community
infographic,TikTok's Mixed Signals,directus,insights,infographic,Transatlantic Relations & Global Challenges,,2020-07-23,archive (3y+),tiktoks-mixed-signals
infographic,Trade Beyond the Tweet,directus,insights,infographic,Transatlantic Relations & Global Challenges,,2017-02-08,archive (3y+),trade-beyond-the-tweet
infographic,Trade Facts and Figures,directus,insights,infographic,Transatlantic Relations & Global Challenges,,2015-05-14,archive (3y+),trade-facts-and-figures
infographic,Trans-Atlantic Tweeting,directus,insights,infographic,Transatlantic Relations & Global Challenges,,2017-10-31,archive (3y+),trans-atlantic-tweeting
infographic,Trump's Teetering Trade Policy,directus,insights,infographic,Transatlantic Relations & Global Challenges,,2017-11-15,archive (3y+),trumps-teetering-trade-policy
infographic,Trump's Twitter Diplomacy,directus,insights,infographic,Transatlantic Relations & Global Challenges,,2018-04-23,archive (3y+),trumps-twitter-diplomacy
infographic,"Was 2018 Really the ""Year of the Woman""?",directus,insights,infographic,Transatlantic Relations & Global Challenges,,2018-12-13,archive (3y+),was-2018-really-the-year-of-the-woman
infographic,What Do Europe’s Right-Wing Parties Want?,directus,insights,infographic,Transatlantic Relations & Global Challenges,,2019-10-10,archive (3y+),what-do-europes-right-wing-parties-want
infographic,When PIIGS Fly... or Fall,directus,insights,infographic,Transatlantic Relations & Global Challenges,,2015-02-13,archive (3y+),when-piigs-fly-or-fall
infographic,Which Countries are Regulating AI?,directus,insights,infographic,PENDING-Q3 (Digital World retired),,2023-06-07,archive (3y+),which-countries-are-regulating-ai
infographic,Who’s Helping the Western Balkans with COVID-19?,directus,insights,infographic,Transatlantic Relations & Global Challenges,,2020-05-27,archive (3y+),whos-helping-the-western-balkans-with-covid-19
product,A Trillion Dollar Partnership: The Future of the Transatlantic Economy - 5,directus,insights,video,RE-TAG (was fake category: Podcasts),,2023-09-26,active,a-trillion-dollar-partnership-the-future-of-the-transatlantic-economy-5
product,"Athens, Greece",directus,insights,video,Democracy,,2024-03-08,active,athens-greece
product,Authors,contentful,insights,report,RE-TAG (no workstream),,,unknown (no publish_date),authors
product,BFF Spotlight: Travis Moore,directus,insights,report,Future Leadership,,2024-03-01,active,bff-spotlight-travis-moore
product,Class of 2023,directus,insights,report,Future Leadership,,2023-05-08,archive (3y+),class-of-2023
product,Class of 2024,directus,insights,report,Future Leadership,,2023-12-11,active,class-of-2024
product,Class of 2025,directus,insights,report,Future Leadership,,2024-12-10,active,class-of-2025
product,Cross-Cutting Currents,directus,insights,report,Transatlantic Relations & Global Challenges,,2024-02-28,active,cross-cutting-currents
product,Disrupting Democracy Vol. I,directus,insights,report,Democracy,,2020-05-30,archive (3y+),disrupting-democracy-vol-i
product,Disrupting Democracy Vol. II,directus,insights,report,Democracy,,2020-05-30,archive (3y+),disrupting-democracy-vol-ii
product,Emerging Ties,directus,insights,report,Transatlantic Relations & Global Challenges,,2023-02-27,archive (3y+),emerging-ties
product,Episode 6 | The Near Future of Transatlantic Relations,directus,insights,video,RE-TAG (was fake category: Podcasts),,2023-08-28,active,episode-6-the-near-future-of-transatlantic-relations
product,Federalism in Crisis,directus,insights,report,RE-TAG (was fake category: Archives),,2024-02-28,active,federalism-in-crisis
product,Graphic Images,directus,insights,report,Democracy,Graphic Images,2020-09-11,archive (3y+),graphic-images
product,Graphic Images: Autocrats and the Use of Power,directus,insights,report,Democracy,Graphic Images,2024-02-28,active,graphic-images-autocrats-and-the-use-of-power
product,Green Ideas,directus,insights,report,RE-TAG (was fake category: Archives),,2024-02-28,active,green-ideas
product," Hidden Layers | Biden’s AI Executive Order, EU AI Act, and the UK AI Safety Summit",directus,insights,report,PENDING-Q3 (Digital World retired),,,unknown (no publish_date),hidden-layers-bidens-ai-executive-order-eu-ai-act-and-the-uk-ai-safety-summit
product,"Hidden Layers | EU’s AI Act, an AI task force from Congress, and a new Executive Order to protect Americans’ personal data",directus,insights,report,PENDING-Q3 (Digital World retired),,,unknown (no publish_date),hidden-layers-eus-ai-act-an-ai-task-force-from-congress-and-a-new-executive-order-to-protect-americans-personal-data
product,Hidden Layers | Facebook Whistleblower Hearings & Pittsburgh Outcomes,directus,insights,report,PENDING-Q3 (Digital World retired),,2022-02-03,archive (3y+),hidden-layers-facebook-whistleblower-hearings-pittsburgh-outcomes
product,Hidden Layers | New AI Regulations & A Transatlantic Privacy Decision,directus,insights,report,PENDING-Q3 (Digital World retired),,2023-08-09,active,hidden-layers-new-ai-regulations-a-transatlantic-privacy-decision
product,"Hidden Layers | Section 230, Chat GPT & the TikTok Hearing",directus,insights,report,PENDING-Q3 (Digital World retired),,2023-04-18,archive (3y+),hidden-layers-section-230-chat-gpt-the-tiktok-hearing
product,Hidden Layers | TTC December Outcomes & the White House's AI Bill of Rights,directus,insights,report,PENDING-Q3 (Digital World retired),,2022-12-13,archive (3y+),hidden-layers-ttc-december-outcomes-the-white-houses-ai-bill-of-rights
product,Hidden Layers | TTC Edition June 2023,directus,insights,report,PENDING-Q3 (Digital World retired),,2023-06-14,archive (3y+),hidden-layers-ttc-edition-june-2023
product,Hidden Layers | US-EU Meeting in Paris & Congress' New Digital Platform Commission,directus,insights,report,PENDING-Q3 (Digital World retired),,2022-06-06,archive (3y+),hidden-layers-us-eu-meeting-in-paris-congress-new-digital-platform-commission
product,Hotspots,directus,insights,report,PENDING-Q3 (Digital World retired),,2023-12-06,active,hotspots
product,(In)Divisible,directus,insights,report,RE-TAG (was fake category: Archives),,2020-05-30,archive (3y+),in-divisible
product,Lithium Rising,directus,insights,report,Transatlantic Relations & Global Challenges,,2025-07-30,active,lithium-rising
product,Lithium Rising: The Race for Critical Minerals ,directus,insights,report,Transatlantic Relations & Global Challenges,Critical Minerals,2025-08-01,active,lithium-rising-the-race-for-critical-minerals
product,"Oklahoma City, United States",directus,insights,video,Democracy,,2024-03-08,active,oklahoma-city-united-states
product,People-Led Innovation,directus,insights,report,RE-TAG (was fake category: Archives),,2020-06-01,archive (3y+),people-led-innovation
product,"Season 1, Episode 1 | Russian Cyber-Attack on Estonia",directus,insights,video,Future Leadership,,2021-02-03,archive (3y+),season-1-episode-1-russian-cyber-attack-on-estonia
product,"Season 1, Episode 2 | Madeleine Albright on the U.S. Response to the Conflict in Kosovo",directus,insights,video,Future Leadership,,2021-02-09,archive (3y+),season-1-episode-2-madeleine-albright-on-the-u-s-response-to-the-conflict-in-kosovo
product,"Season 1, Episode 3 | George Papandreou on the Euro Crisis in Greece",directus,insights,video,Future Leadership,,2021-03-15,archive (3y+),season-1-episode-3-george-papandreou-on-the-euro-crisis-in-greece
product,"Season 2, Episode 1 | Susana Malcorra on the UN's efforts to stop the spread of Ebola",directus,insights,video,Future Leadership,,2022-11-22,archive (3y+),season-2-episode-1-susana-malcorra-on-the-uns-efforts-to-stop-the-spread-of-ebola
product,"Season 2, Episode 2 | Malcolm Rifkind on the transfer of power in Hong Kong",directus,insights,video,Future Leadership,,2022-11-29,archive (3y+),season-2-episode-2-malcolm-rifkind-on-the-transfer-of-power-in-hong-kong
product,"Season 2, Episode 3 | Federica Mogherini on negotiating the Iran Nuclear Deal",directus,insights,video,Future Leadership,,2022-12-07,archive (3y+),season-2-episode-3-federica-mogherini-on-negotiating-the-iran-nuclear-deal
product,"Season 3, Episode 1 | Jan Eliasson",directus,insights,video,Future Leadership,,2024-02-13,active,season-3-episode-1-jan-eliasson
product,"Season 3, Episode 2 | Bobi Wine",directus,insights,video,Future Leadership,,2024-03-07,active,season-3-episode-2-bobi-wine
product,"Season 3, Episode 3 | Tzipi Livni",directus,insights,video,Future Leadership,,2024-11-14,active,season-3-episode-3-tzipi-livni
product,"Season 4, Episode 1 | Cheryl Welch and Arthur Goldhammer",directus,insights,report,RE-TAG (was fake category: Podcasts),,2022-04-19,archive (3y+),season-4-episode-1-cheryl-welch-and-arthur-goldhammer
product,"Season 4, Episode 10 | Michael Thorning",directus,insights,video,RE-TAG (was fake category: Podcasts),,2022-12-07,archive (3y+),season-4-episode-10-michael-thorning
product,"Season 4, Episode 11 | Larry Diamond",directus,insights,video,RE-TAG (was fake category: Podcasts),,2022-12-16,archive (3y+),season-4-episode-11-larry-diamond
product,"Season 4, Episode 2 | Peter Wehner and Jonathan Rauch",directus,insights,report,RE-TAG (was fake category: Podcasts),,2022-04-19,archive (3y+),season-4-episode-2-peter-wehner-and-jonathan-rauch
product,"Season 4, Episode 3 | Mónica Guzmán",directus,insights,video,RE-TAG (was fake category: Podcasts),,2022-05-16,archive (3y+),season-4-episode-3-m-nica-guzm-n
product,"Season 4, Episode 4 | Andrea Young",directus,insights,video,RE-TAG (was fake category: Podcasts),,2022-07-08,archive (3y+),season-4-episode-4-andrea-young
product,"Season 4, Episode 5 | Cynthia Miller-Idriss",directus,insights,video,RE-TAG (was fake category: Podcasts),,2022-08-10,archive (3y+),season-4-episode-5-cynthia-miller-idriss
product,"Season 4, Episode 6 | Katherine Stewart",directus,insights,video,RE-TAG (was fake category: Podcasts),,2022-09-12,archive (3y+),season-4-episode-6-katherine-stewart
product,"Season 4, Episode 7 | Dahlia Lithwick",directus,insights,video,RE-TAG (was fake category: Podcasts),,2022-09-26,archive (3y+),season-4-episode-7-dahlia-lithwick
product,"Season 4, Episode 8 | Darrell M. West",directus,insights,video,RE-TAG (was fake category: Podcasts),,2022-10-18,archive (3y+),season-4-episode-8-darrell-m-west
product,"Season 4, Episode 9 | Dana Milbank",directus,insights,video,RE-TAG (was fake category: Podcasts),,2022-11-23,archive (3y+),season-4-episode-9-dana-milbank
product,"Season 4, Midterm Elections Special | Rebekah Caruthers",directus,insights,video,RE-TAG (was fake category: Podcasts),Election Analysis,2022-11-04,archive (3y+),season-4-midterm-elections-special-rebekah-caruthers
product,"Season 5, Episode 1 | Adam Hochschild",directus,insights,video,RE-TAG (was fake category: Podcasts),,2023-05-03,archive (3y+),season-5-episode-1-adam-hochschild
product,"Season 5, Episode 3 | Robert Kagan",directus,insights,video,RE-TAG (was fake category: Podcasts),,2023-07-10,archive (3y+),season-5-episode-3-robert-kagan
product,"Season 5, Episode 4 | Derek Leebaert",directus,insights,video,RE-TAG (was fake category: Podcasts),,2023-07-25,archive (3y+),season-5-episode-4-derek-leebaert
product,"Season 5, Episode 5 | Paul Sparrow",directus,insights,video,RE-TAG (was fake category: Podcasts),,2023-08-15,active,season-5-episode-5-paul-sparrow
product,"Season 5, Episode 8 | Jill Watts",directus,insights,video,RE-TAG (was fake category: Podcasts),,2023-11-13,active,season-5-episode-8-jill-watts
product,System Updates,directus,insights,report,Transatlantic Relations & Global Challenges,,2024-01-25,active,system-updates
product,The Great Tech Policy Debate: Should Innovation be Regulated? - 3,directus,insights,video,RE-TAG (was fake category: Podcasts),,2023-05-11,archive (3y+),the-great-tech-policy-debate-should-innovation-be-regulated-3
product,The No Collar Economy - Vol. I,directus,insights,report,PENDING-Q3 (Digital World retired),,2021-09-15,archive (3y+),the-no-collar-economy-vol-i
product,The No Collar Economy - Vol. II,directus,insights,report,PENDING-Q3 (Digital World retired),,2020-07-28,archive (3y+),the-no-collar-economy-vol-ii
product,The Transition 2020,directus,insights,report,RE-TAG (was fake category: Archives),,2020-11-19,archive (3y+),the-transition-2020
product,Transatlantic Trends 2020,directus,insights,report,RE-TAG (was fake category: Archives),,2024-02-28,active,transatlantic-trends-2020
product,Transatlantic Trends 2021,directus,insights,report,RE-TAG (was fake category: Archives),,2021-06-07,archive (3y+),transatlantic-trends-2021
product,Transatlantic Trends 2022,directus,insights,report,RE-TAG (was fake category: Archives),,2022-09-27,archive (3y+),transatlantic-trends-2022
product,Transponder Issue #1: The Transatlantic Relationship,directus,insights,report,Transatlantic Relations & Global Challenges,Transponder Magazine,2021-12-15,archive (3y+),transponder-issue-1-the-transatlantic-relationship
product,Transponder Issue #2: Cities,directus,insights,report,Transatlantic Relations & Global Challenges,Transponder Magazine,2022-07-19,archive (3y+),transponder-issue-2-cities
product,Transponder Issue #3: Resilience,directus,insights,report,Transatlantic Relations & Global Challenges,Transponder Magazine,2022-12-12,archive (3y+),transponder-issue-3-resilience
product,Transponder Issue #4: Identity,directus,insights,report,Transatlantic Relations & Global Challenges,Transponder Magazine,2023-06-20,archive (3y+),transponder-issue-4-identity
product,Transponder Issue #5: Democracy,directus,insights,report,Transatlantic Relations & Global Challenges,Transponder Magazine,2023-12-11,active,transponder-issue-5-democracy
product,Transponder Issue #6: Elections,directus,insights,report,Transatlantic Relations & Global Challenges,Election Analysis,2024-07-17,active,transponder-issue-6-elections
product,Transponder Issue #7: The Future,directus,insights,report,Transatlantic Relations & Global Challenges,Transponder Magazine,2025-05-23,active,transponder-issue-7-the-future
product,Uncivil War,directus,insights,video,Democracy,,2021-02-01,archive (3y+),uncivil-war
publication,A Green Light for Lichtenberg,directus,insights,article|report (split TBD),Transatlantic Relations & Global Challenges,,2025-02-11,active,a-green-light-for-lichtenberg
publication,A Green Light for the Far-Right: Environmental Policy Strife Creates Opening for AfD,directus,insights,article|report (split TBD),Transatlantic Relations & Global Challenges,,2023-06-20,archive (3y+),a-green-light-for-the-far-right-environmental-policy-strife-creates-opening-for-afd
publication,A Kettle Full of Steam,contentful,insights,article|report (split TBD),RE-TAG (no workstream),,2026-05-26,active,a-kettle-full-of-steam
publication,A Nameless Alliance,directus,insights,article|report (split TBD),Transatlantic Relations & Global Challenges,,2025-11-26,active,a-nameless-alliance
publication,A New Constellation,directus,insights,article|report (split TBD),Democracy,,2018-02-14,archive (3y+),a-new-constellation
publication,A New Role for France,directus,insights,article|report (split TBD),Transatlantic Relations & Global Challenges,,2016-08-02,archive (3y+),a-new-role-for-france
publication,A New Year's Resolution on Turkey,directus,insights,article|report (split TBD),Transatlantic Relations & Global Challenges,,2014-12-22,archive (3y+),a-new-years-resolution-on-turkey
publication,A Re-set for German Foreign and Security Policy,directus,insights,article|report (split TBD),Transatlantic Relations & Global Challenges,,2014-01-31,archive (3y+),a-re-set-for-german-foreign-and-security-policy
publication,A Temporary Alternative for Germany?,directus,insights,article|report (split TBD),Transatlantic Relations & Global Challenges,,2016-03-17,archive (3y+),a-temporary-alternative-for-germany
publication,A Transatlantic Perspective on China’s Belt Road Initiative,directus,insights,article|report (split TBD),Transatlantic Relations & Global Challenges,,2019-06-27,archive (3y+),a-transatlantic-perspective-on-chinas-belt-road-initiative
publication,A Transatlantic To-Do List,directus,insights,article|report (split TBD),Transatlantic Relations & Global Challenges,,2021-12-02,archive (3y+),a-transatlantic-to-do-list
publication,Accounting for Autocracy,directus,insights,article|report (split TBD),Democracy,,2025-09-25,active,accounting-for-autocracy
publication,Addressing the Global Digital Skills Gap,directus,insights,article|report (split TBD),Transatlantic Relations & Global Challenges,,2024-05-10,active,addressing-the-global-digital-skills-gap
publication," Alexa, Is Democracy Dead?",directus,insights,article|report (split TBD),Democracy,,2019-05-08,archive (3y+),alexa-is-democracy-dead
publication,"Alice, Elon, and Aliens",directus,insights,article|report (split TBD),Transatlantic Relations & Global Challenges,,2025-01-23,active,alice-elon-and-aliens
publication,An American in Berlin,directus,insights,article|report (split TBD),Transatlantic Relations & Global Challenges,,2025-04-29,active,an-american-in-berlin
publication,An American Revolution ,directus,insights,article|report (split TBD),Democracy,,2016-11-09,archive (3y+),an-american-revolution
publication,Argentina,directus,insights,article|report (split TBD),Transatlantic Relations & Global Challenges,,2014-08-01,archive (3y+),argentina
publication,Arts and Culture - Part 1,directus,insights,article|report (split TBD),Democracy,,2018-09-07,archive (3y+),arts-and-culture-part-1
publication,Arts and Culture - Part 2,directus,insights,article|report (split TBD),Democracy,,2018-09-07,archive (3y+),arts-and-culture-part-2
publication,Atoms and Ambitions ,directus,insights,article|report (split TBD),Transatlantic Relations & Global Challenges,,2025-09-08,active,atoms-and-ambitions
publication,Austrian Elections,directus,insights,article|report (split TBD),Democracy,Election Analysis,2016-05-17,archive (3y+),austrian-elections
publication,Autocratization and the decline of international cooperation,directus,insights,article|report (split TBD),Democracy,,2022-03-10,archive (3y+),autocratization-and-the-decline-of-international-cooperation
publication,"Battle Won, War Lost? ",directus,insights,article|report (split TBD),Transatlantic Relations & Global Challenges,,2020-02-27,archive (3y+),battle-won-war-lost
publication,Between Infrastructure and Digital Skills for Africa,directus,insights,article|report (split TBD),Transatlantic Relations & Global Challenges,,2024-05-10,active,between-infrastructure-and-digital-skills-for-africa
publication,Brexit - potential economic consequences if the UK exits the EU,directus,insights,article|report (split TBD),Transatlantic Relations & Global Challenges,,2015-05-01,archive (3y+),brexit-potential-economic-consequences-if-the-uk-exits-the-eu
publication,China’s Play for Market Economy Status,directus,insights,article|report (split TBD),Transatlantic Relations & Global Challenges,,2017-07-24,archive (3y+),chinas-play-for-market-economy-status
publication,Clean Network’s Summer Tour,directus,insights,article|report (split TBD),Transatlantic Relations & Global Challenges,,2020-09-30,archive (3y+),clean-networks-summer-tour
publication,Cleantech Entrepreneurship Education,directus,insights,article|report (split TBD),Transatlantic Relations & Global Challenges,,2024-02-07,active,cleantech-entrepreneurship-education
publication,"Coalition, Opposition, Extinction",directus,insights,article|report (split TBD),Transatlantic Relations & Global Challenges,,2025-03-26,active,coalition-opposition-extinction
publication,Common Enemies,directus,insights,article|report (split TBD),Democracy,,2020-03-04,archive (3y+),common-enemies
publication,"Conscription, Direction, Transformation",directus,insights,article|report (split TBD),Transatlantic Relations & Global Challenges,,2025-10-28,active,conscription-direction-transformation
publication,Cordoned Off: The Far Right in France and Germany,directus,insights,article|report (split TBD),Transatlantic Relations & Global Challenges,,2023-12-07,active,cordoned-off-the-far-right-in-france-and-germany
publication,COVID-19 and Germany’s Political Transformation,directus,insights,article|report (split TBD),Transatlantic Relations & Global Challenges,,2020-06-11,archive (3y+),covid-19-and-germanys-political-transformation
publication,Decoding the Writings on the Wall,directus,insights,article|report (split TBD),Democracy,,2018-09-06,archive (3y+),decoding-the-writings-on-the-wall
publication,Democracy,directus,insights,article|report (split TBD),Democracy,,2019-05-03,archive (3y+),democracy
publication, Democracy 101,directus,insights,article|report (split TBD),Democracy,,2019-05-01,archive (3y+),democracy-101
publication,"Democracy, an Economic Review",directus,insights,article|report (split TBD),Democracy,,2018-09-06,archive (3y+),democracy-an-economic-review
publication,Democracy and Disinformation,directus,insights,article|report (split TBD),Democracy,,2019-05-06,archive (3y+),democracy-and-disinformation
publication,Democracy at a Distance,directus,insights,article|report (split TBD),Transatlantic Relations & Global Challenges,,2025-12-08,active,democracy-at-a-distance
publication,Democracy – Its Substance and Meaning,directus,insights,article|report (split TBD),Democracy,,2018-09-07,archive (3y+),democracy-its-substance-and-meaning
publication,Democracy Needs Tech Support,directus,insights,article|report (split TBD),PENDING-Q3 (Digital World retired),,2023-02-16,archive (3y+),democracy-needs-tech-support
publication, Democracy’s Canary in a Coal Mine,directus,insights,article|report (split TBD),Democracy,,2019-05-07,archive (3y+),democracys-canary-in-a-coal-mine
publication,"Demonstrations, Democracy and Dreams Deferred",directus,insights,article|report (split TBD),Democracy,,2025-09-29,active,demonstrations-democracy-and-dreams-deferred
publication,Dialogue with Professor Carol Anderson,directus,insights,article|report (split TBD),Democracy,,2023-03-16,archive (3y+),dialogue-with-professor-carol-anderson
publication,Diary of War,directus,insights,article|report (split TBD),Transatlantic Relations & Global Challenges,,2023-01-05,archive (3y+),diary-of-war
publication,Did Washington Lose The European Elections?,directus,insights,article|report (split TBD),Democracy,Election Analysis,2014-05-27,archive (3y+),did-washington-lose-the-european-elections
publication,Disrupting Democracy ,directus,insights,article|report (split TBD),Democracy,,2018-05-17,archive (3y+),disrupting-democracy
publication,Disrupting Democracy | Italy,directus,insights,article|report (split TBD),Democracy,,2018-05-04,archive (3y+),disrupting-democracy-italy
publication,Dual Vocational Training,directus,insights,article|report (split TBD),Transatlantic Relations & Global Challenges,,2024-03-18,active,dual-vocational-training
publication,E-Stonia Rewired,directus,insights,article|report (split TBD),PENDING-Q3 (Digital World retired),,2023-02-09,archive (3y+),e-stonia-rewired
publication,Echoes of History,directus,insights,article|report (split TBD),Transatlantic Relations & Global Challenges,,2016-10-01,archive (3y+),echoes-of-history
publication,Edge of a Precipice,directus,insights,article|report (split TBD),Transatlantic Relations & Global Challenges,,2019-11-21,archive (3y+),edge-of-a-precipice
publication,Erdogan's Bus Ride to Redemption,directus,insights,article|report (split TBD),Transatlantic Relations & Global Challenges,,2015-10-27,archive (3y+),erdogans-bus-ride-to-redemption
publication,EU Enlargement Talks Stalled by COVID-19,directus,insights,article|report (split TBD),Transatlantic Relations & Global Challenges,,2020-05-21,archive (3y+),eu-enlargement-talks-stalled-by-covid-19
publication,Europe Inspires Despite Its Problems,directus,insights,article|report (split TBD),Transatlantic Relations & Global Challenges,,2014-05-29,archive (3y+),europe-inspires-despite-its-problems
publication,Europe once stretched into Algeria,directus,insights,article|report (split TBD),Transatlantic Relations & Global Challenges,,2023-10-05,active,europe-once-stretched-into-algeria
publication,Europe's Reluctant Leader,directus,insights,article|report (split TBD),Transatlantic Relations & Global Challenges,,2016-09-01,archive (3y+),europes-reluctant-leader
publication,"Farmers, Fatherland, and the Far Right: How the AfD Cultivates an Ethnonationalist Agenda",directus,insights,article|report (split TBD),Transatlantic Relations & Global Challenges,,2024-02-13,active,farmers-fatherland-and-the-far-right-how-the-afd-cultivates-an-ethnonationalist-agenda
publication,France and India’s Strategic Partnership in a Contested World,directus,insights,article|report (split TBD),Transatlantic Relations & Global Challenges,,2023-11-30,active,france-and-indias-strategic-partnership-in-a-contested-world
publication,France: From Incubator Nation to Startup Nation?,directus,insights,article|report (split TBD),Transatlantic Relations & Global Challenges,,2024-04-30,active,france-from-incubator-nation-to-startup-nation
publication,France’s Litmus Test,directus,insights,article|report (split TBD),Transatlantic Relations & Global Challenges,,2024-06-05,active,frances-litmus-test
publication,From Idea to Impact,directus,insights,article|report (split TBD),Future Leadership,,2025-10-23,active,from-idea-to-impact
publication,Generation Germany,directus,insights,article|report (split TBD),Transatlantic Relations & Global Challenges,,2025-12-11,active,generation-germany
publication,Generative AI and the Future of Work,directus,insights,article|report (split TBD),Transatlantic Relations & Global Challenges,,2024-05-10,active,generative-ai-and-the-future-of-work
publication,Germany One Year After Elections: From “More Progress” to “Responsibility”,contentful,insights,article|report (split TBD),RE-TAG (no workstream),Election Analysis,2026-02-26,active,germany-one-year-after-elections-from-more-progress-to-responsibility
publication,Germany's Coalition Agreement,directus,insights,article|report (split TBD),Transatlantic Relations & Global Challenges,,2018-02-13,archive (3y+),germanys-coalition-agreement
publication,Germany's Current Account and Trade Surpluses,directus,insights,article|report (split TBD),Transatlantic Relations & Global Challenges,,2018-07-23,archive (3y+),germanys-current-account-and-trade-surpluses
publication,Germany's Response to the Refugee Situation,directus,insights,article|report (split TBD),Transatlantic Relations & Global Challenges,,2016-05-01,archive (3y+),germanys-response-to-the-refugee-situation
publication,Germany's Security Policy,directus,insights,article|report (split TBD),Transatlantic Relations & Global Challenges,,2016-10-01,archive (3y+),germanys-security-policy
publication,Globalization Report 2014,directus,insights,article|report (split TBD),Transatlantic Relations & Global Challenges,,2014-09-22,archive (3y+),globalization-report-2014
publication,"Going ""All In"" in Ukraine",directus,insights,article|report (split TBD),Transatlantic Relations & Global Challenges,,2014-10-31,archive (3y+),going-all-in-in-ukraine
publication,Graphic Images: Autocrats and the Use of Power,directus,insights,article|report (split TBD),Democracy,Graphic Images,2022-03-09,archive (3y+),graphic-images-autocrats-and-the-use-of-power
publication,Grassroots Tech Offers Hope in the Age of Coronavirus,directus,insights,article|report (split TBD),Transatlantic Relations & Global Challenges,,2020-05-15,archive (3y+),grassroots-tech-offers-hope-in-the-age-of-coronavirus
publication,Home Game,directus,insights,article|report (split TBD),Transatlantic Relations & Global Challenges,,2023-08-24,active,home-game
publication,In Search of the Center,directus,insights,article|report (split TBD),Transatlantic Relations & Global Challenges,,2016-10-27,archive (3y+),in-search-of-the-center
publication,Incoming! ,directus,insights,article|report (split TBD),Transatlantic Relations & Global Challenges,,2019-04-30,archive (3y+),incoming
publication,Inside Turkey’s Economy,directus,insights,article|report (split TBD),Transatlantic Relations & Global Challenges,,2016-08-10,archive (3y+),inside-turkeys-economy
publication,Interview with John Blackburn,directus,insights,article|report (split TBD),Transatlantic Relations & Global Challenges,,2023-01-26,archive (3y+),interview-with-john-blackburn
publication,Is Seven Greater Than Eight,directus,insights,article|report (split TBD),Transatlantic Relations & Global Challenges,,2014-06-04,archive (3y+),is-seven-greater-than-eight
publication,Italy’s 2019 Budget Worries the EU and Global Markets,directus,insights,article|report (split TBD),Transatlantic Relations & Global Challenges,,2018-10-23,archive (3y+),italys-2019-budget-worries-the-eu-and-global-markets
publication,Italy’s Referendum Uncertainty,directus,insights,article|report (split TBD),Democracy,,2016-12-12,archive (3y+),italys-referendum-uncertainty
publication,It's About Time,directus,insights,article|report (split TBD),Transatlantic Relations & Global Challenges,,2014-12-17,archive (3y+),its-about-time
publication,Jalil's Journey,directus,insights,article|report (split TBD),Transatlantic Relations & Global Challenges,,2023-08-17,active,jalils-journey
publication,Keep Calm and Carry On with the Spitzenkandidaten,directus,insights,article|report (split TBD),Transatlantic Relations & Global Challenges,,2014-07-03,archive (3y+),keep-calm-and-carry-on-with-the-spitzenkandidaten
publication,Kids Fighting in the Park ,directus,insights,article|report (split TBD),Transatlantic Relations & Global Challenges,,2025-06-25,active,kids-fighting-in-the-park
publication,"Latest TTIP Round Yields Progress, Gridlock",directus,insights,article|report (split TBD),Transatlantic Relations & Global Challenges,,2016-05-09,archive (3y+),latest-ttip-round-yields-progress-gridlock
publication,Liquid Democracy,directus,insights,article|report (split TBD),Democracy,,2019-05-31,archive (3y+),liquid-democracy
publication,"Local Environmental Activists in Bor, Serbia",directus,insights,article|report (split TBD),Transatlantic Relations & Global Challenges,,2023-03-02,archive (3y+),local-environmental-activists-in-bor-serbia
publication,Macron’s Millennial Minister: Winning Over the Next Generation ,directus,insights,article|report (split TBD),Democracy,,2024-03-12,active,macrons-millennial-minister-winning-over-the-next-generation
publication,Making TTIP a 21st-Century Agreement,directus,insights,article|report (split TBD),Transatlantic Relations & Global Challenges,,2015-04-21,archive (3y+),making-ttip-a-21st-century-agreement
publication,Meddle Meets Mettle,contentful,insights,article|report (split TBD),RE-TAG (no workstream),,2026-07-07,active,meddle-meets-mettle
publication,Merkel in Washington,directus,insights,article|report (split TBD),Transatlantic Relations & Global Challenges,,2014-04-30,archive (3y+),merkel-in-washington
publication,Merkel's Mission,directus,insights,article|report (split TBD),Transatlantic Relations & Global Challenges,,2015-07-10,archive (3y+),merkels-mission
publication,"Misplaced Passion, Myopic Policy",contentful,insights,article|report (split TBD),RE-TAG (no workstream),,2026-03-17,active,misplaced-passion-myopic-policy
publication,(N)ostalgia,directus,insights,article|report (split TBD),Transatlantic Relations & Global Challenges,,2023-09-21,active,n-ostalgia
publication,NAFTA Renegotiation,directus,insights,article|report (split TBD),Transatlantic Relations & Global Challenges,,2017-05-18,archive (3y+),nafta-renegotiation
publication,NAFTA Renegotiation | Recalibrating North American Economic Relations,directus,insights,article|report (split TBD),Transatlantic Relations & Global Challenges,,2017-05-18,archive (3y+),nafta-renegotiation-recalibrating-north-american-economic-relations
publication,Negotiators Advance TTIP Agenda,directus,insights,article|report (split TBD),Transatlantic Relations & Global Challenges,,2016-07-28,archive (3y+),negotiators-advance-ttip-agenda
publication,Nord Stream 2,directus,insights,article|report (split TBD),Transatlantic Relations & Global Challenges,,2020-11-20,archive (3y+),nord-stream-2
publication,Now Charging,directus,insights,article|report (split TBD),Transatlantic Relations & Global Challenges,,2024-09-19,active,now-charging
publication,Obama's Choice,directus,insights,article|report (split TBD),Transatlantic Relations & Global Challenges,,2014-07-09,archive (3y+),obamas-choice
publication,On the Fringe,directus,insights,article|report (split TBD),Democracy,,2023-09-14,active,on-the-fringe
publication,Open Debate and Unlikely Bedfellows,contentful,insights,article|report (split TBD),RE-TAG (no workstream),,2026-06-12,active,open-debate-and-unlikely-bedfellows
publication,Our Post-Pandemic Future of Work Part 1 of 2 ,directus,insights,article|report (split TBD),PENDING-Q3 (Digital World retired),,2021-04-01,archive (3y+),our-post-pandemic-future-of-work-part-1-of-2
publication,Our Post Pandemic Future of Work Part 2 of 2 ,directus,insights,article|report (split TBD),PENDING-Q3 (Digital World retired),,2021-04-22,archive (3y+),our-post-pandemic-future-of-work-part-2-of-2
publication,Out to Vote,directus,insights,article|report (split TBD),Democracy,,2021-05-27,archive (3y+),out-to-vote
publication,Pacific Alliance 2.0,directus,insights,article|report (split TBD),Transatlantic Relations & Global Challenges,,2016-05-24,archive (3y+),pacific-alliance-2-0
publication,Pension Reform in France – Can Macron Strike a Balance Between Work and Workers?,directus,insights,article|report (split TBD),Transatlantic Relations & Global Challenges,,2023-08-16,active,pension-reform-in-france-can-macron-strike-a-balance-between-work-and-workers
publication,People and Places Left Behind:,directus,insights,article|report (split TBD),Transatlantic Relations & Global Challenges,,2024-03-18,active,people-and-places-left-behind
publication,Pianissimo: ,directus,insights,article|report (split TBD),Democracy,,2025-04-07,active,pianissimo
publication,Pictures Worth a Thousand Policies: Campaign Imagery from Bavaria’s State Election,directus,insights,article|report (split TBD),Democracy,Election Analysis,2023-10-26,active,pictures-worth-a-thousand-policies-campaign-imagery-from-bavarias-state-election
publication,Preserving an Old Model in a New World,directus,insights,article|report (split TBD),Transatlantic Relations & Global Challenges,,2016-06-01,archive (3y+),preserving-an-old-model-in-a-new-world
publication,Privacy and Pandemics,directus,insights,article|report (split TBD),Transatlantic Relations & Global Challenges,,2020-03-23,archive (3y+),privacy-and-pandemics
publication,Protecting Europe’s Family Ties in Trying Times,directus,insights,article|report (split TBD),Transatlantic Relations & Global Challenges,,2016-06-22,archive (3y+),protecting-europes-family-ties-in-trying-times
publication,Putting Immigrant-Origin Workers at the Center of the Future of Work Discussion in the United States,directus,insights,article|report (split TBD),Transatlantic Relations & Global Challenges,,2024-05-10,active,putting-immigrant-origin-workers-at-the-center-of-the-future-of-work-discussion-in-the-united-states
publication,Putting Physical Health at the Heart of Workplace Policymaking ,directus,insights,article|report (split TBD),Transatlantic Relations & Global Challenges,,2024-03-18,active,putting-physical-health-at-the-heart-of-workplace-policymaking
publication,Red Light,directus,insights,article|report (split TBD),Transatlantic Relations & Global Challenges,,2024-12-16,active,red-light
publication,Reining in Russia,directus,insights,article|report (split TBD),Transatlantic Relations & Global Challenges,,2015-06-25,archive (3y+),reining-in-russia
publication,Remote Control,directus,insights,article|report (split TBD),Democracy,,2020-05-05,archive (3y+),remote-control
publication,Rhetoric Meets Reality,directus,insights,article|report (split TBD),Transatlantic Relations & Global Challenges,,2024-08-05,active,rhetoric-meets-reality
publication,"Roadblocks at Home, Full Speed Abroad",directus,insights,article|report (split TBD),Transatlantic Relations & Global Challenges,,2025-05-28,active,roadblocks-at-home-full-speed-abroad
publication,Russia - A Threat to European Security?,directus,insights,article|report (split TBD),Transatlantic Relations & Global Challenges,,2016-10-01,archive (3y+),russia-a-threat-to-european-security
publication,"Russia, Sanctions and the Way Forward",directus,insights,article|report (split TBD),Transatlantic Relations & Global Challenges,,2015-06-01,archive (3y+),russia-sanctions-and-the-way-forward
publication,Samba Lessons for Greece,directus,insights,article|report (split TBD),Transatlantic Relations & Global Challenges,,2015-01-25,archive (3y+),samba-lessons-for-greece
publication,Security over Scandal,directus,insights,article|report (split TBD),Transatlantic Relations & Global Challenges,,2024-07-10,active,security-over-scandal
publication,Seven Months to Midnight:,contentful,insights,article|report (split TBD),RE-TAG (no workstream),,2026-02-09,active,seven-months-to-midnight
publication,Shared Values No More? ,directus,insights,article|report (split TBD),Transatlantic Relations & Global Challenges,,2019-09-24,archive (3y+),shared-values-no-more
publication,Shifting Identities:  From Victims to Changemakers,directus,insights,article|report (split TBD),Transatlantic Relations & Global Challenges,,2023-09-28,active,shifting-identities-from-victims-to-changemakers
publication,Six Steps,directus,insights,article|report (split TBD),Democracy,,2019-07-24,archive (3y+),six-steps
publication,Stars Align for German Foreign Policy,directus,insights,article|report (split TBD),Transatlantic Relations & Global Challenges,,2021-01-28,archive (3y+),stars-align-for-german-foreign-policy
publication,State Elections in Germany,directus,insights,article|report (split TBD),Democracy,Election Analysis,2016-03-11,archive (3y+),state-elections-in-germany
publication,Striking A(I) Balance,directus,insights,article|report (split TBD),Transatlantic Relations & Global Challenges,,2025-03-24,active,striking-a-i-balance
publication,Swing State? Belgium’s Arizona Coalition Walks a Tightrope,directus,insights,article|report (split TBD),Transatlantic Relations & Global Challenges,,2025-06-02,active,swing-state-belgiums-arizona-coalition-walks-a-tightrope
publication,Taking Stock of Democracy,directus,insights,article|report (split TBD),Democracy,,2018-09-06,archive (3y+),taking-stock-of-democracy
publication,The Berlin Wall's Power to Unify,directus,insights,article|report (split TBD),Transatlantic Relations & Global Challenges,,2014-11-08,archive (3y+),the-berlin-walls-power-to-unify
publication,The Changing Spirit of the Fifth Republic,directus,insights,article|report (split TBD),Transatlantic Relations & Global Challenges,,2023-09-14,active,the-changing-spirit-of-the-fifth-republic
publication,The Crossroads,directus,insights,article|report (split TBD),Transatlantic Relations & Global Challenges,,2007-05-27,archive (3y+),the-crossroads
publication,The Current Economic State of Play in Russia,directus,insights,article|report (split TBD),Transatlantic Relations & Global Challenges,,2015-06-01,archive (3y+),the-current-economic-state-of-play-in-russia
publication,The End of Panda Politics,directus,insights,article|report (split TBD),Transatlantic Relations & Global Challenges,,2016-09-01,archive (3y+),the-end-of-panda-politics
publication,The Erosion of Democracy in Developing and Transition Countries | Part 2,directus,insights,article|report (split TBD),Democracy,,2018-09-06,archive (3y+),the-erosion-of-democracy-in-developing-and-transition-countries-part-2
publication,The Essential Relationship,directus,insights,article|report (split TBD),Transatlantic Relations & Global Challenges,,2015-02-04,archive (3y+),the-essential-relationship
publication,The EU's TTIP Negotiating Texts,directus,insights,article|report (split TBD),Transatlantic Relations & Global Challenges,,2015-01-16,archive (3y+),the-eus-ttip-negotiating-texts
publication,The Far-Right Foundation,directus,insights,article|report (split TBD),Transatlantic Relations & Global Challenges,,2018-07-10,archive (3y+),the-far-right-foundation
publication,The Future of Work in the Twin Transition to Green and Digital ,directus,insights,article|report (split TBD),Transatlantic Relations & Global Challenges,,2024-03-18,active,the-future-of-work-in-the-twin-transition-to-green-and-digital
publication,The Gambler,directus,insights,article|report (split TBD),Transatlantic Relations & Global Challenges,,2024-06-17,active,the-gambler
publication,The Geopolitics of TikTok,directus,insights,article|report (split TBD),Transatlantic Relations & Global Challenges,,2020-07-23,archive (3y+),the-geopolitics-of-tiktok
publication,The Green New Deal,directus,insights,article|report (split TBD),Transatlantic Relations & Global Challenges,,2019-02-25,archive (3y+),the-green-new-deal
publication,The International Response to Crisis in the Middle East,directus,insights,article|report (split TBD),Transatlantic Relations & Global Challenges,,2016-12-01,archive (3y+),the-international-response-to-crisis-in-the-middle-east
publication,The Nuclear Option,contentful,insights,article|report (split TBD),RE-TAG (no workstream),,2026-07-21,active,the-nuclear-option
publication,"The Past, Present, and Future of Transatlanticism",directus,insights,article|report (split TBD),Transatlantic Relations & Global Challenges,,2023-08-31,active,the-past-present-and-future-of-transatlanticism
publication, The Populist Uprising and its Victims,directus,insights,article|report (split TBD),Democracy,,2019-05-09,archive (3y+),the-populist-uprising-and-its-victims
publication,The Promise and the Challenge of AI in Education,directus,insights,article|report (split TBD),Transatlantic Relations & Global Challenges,,2024-05-10,active,the-promise-and-the-challenge-of-ai-in-education
publication,The Resilience of Truth,directus,insights,article|report (split TBD),Transatlantic Relations & Global Challenges,,2023-01-12,archive (3y+),the-resilience-of-truth
publication,The Square People,directus,insights,article|report (split TBD),Democracy,,2018-09-06,archive (3y+),the-square-people
publication,The Steady Decline of Alternative for Germany,directus,insights,article|report (split TBD),Transatlantic Relations & Global Challenges,,2021-02-10,archive (3y+),the-steady-decline-of-alternative-for-germany
publication,The Third Way,directus,insights,article|report (split TBD),Democracy,,2025-03-12,active,the-third-way
publication,The Transatlantic Relationship’s High Noon,directus,insights,article|report (split TBD),Transatlantic Relations & Global Challenges,,2020-08-27,archive (3y+),the-transatlantic-relationships-high-noon
publication,The Transition Compendium,directus,insights,article|report (split TBD),Transatlantic Relations & Global Challenges,,2021-04-30,archive (3y+),the-transition-compendium
publication,The Turkish-German Tug-of-War,directus,insights,article|report (split TBD),Transatlantic Relations & Global Challenges,,2017-09-21,archive (3y+),the-turkish-german-tug-of-war
publication,There and Back Again,directus,insights,article|report (split TBD),Transatlantic Relations & Global Challenges,,2023-07-20,archive (3y+),there-and-back-again
publication,There is no Sustainable Future of Work if Young People Are Left Behind,directus,insights,article|report (split TBD),Transatlantic Relations & Global Challenges,,2024-05-10,active,there-is-no-sustainable-future-of-work-if-young-people-are-left-behind
publication, Third Parties Won’t Win the White House,directus,insights,article|report (split TBD),Democracy,,2020-03-10,archive (3y+),third-parties-wont-win-the-white-house
publication,This Is (Not) Our War,directus,insights,article|report (split TBD),Transatlantic Relations & Global Challenges,,2023-02-23,archive (3y+),this-is-not-our-war
publication,Three Things to Watch in Brazil,directus,insights,article|report (split TBD),Transatlantic Relations & Global Challenges,,2016-03-30,archive (3y+),three-things-to-watch-in-brazil
publication,Tokyo Drifting?,directus,insights,article|report (split TBD),Democracy,,2025-09-10,active,tokyo-drifting
publication,Trade War 2020,directus,insights,article|report (split TBD),Transatlantic Relations & Global Challenges,,2020-02-10,archive (3y+),trade-war-2020
publication,Trans-Atlantic Trade at the Crossroads,directus,insights,article|report (split TBD),Transatlantic Relations & Global Challenges,,2016-09-22,archive (3y+),trans-atlantic-trade-at-the-crossroads
publication,Transatlantic Digital Trade,directus,insights,article|report (split TBD),PENDING-Q3 (Digital World retired),,2021-01-22,archive (3y+),transatlantic-digital-trade
publication,Trick or Treat,directus,insights,article|report (split TBD),Transatlantic Relations & Global Challenges,,2019-10-31,archive (3y+),trick-or-treat
publication,TTIP Beyond the Beltway: American Perspectives,directus,insights,article|report (split TBD),Transatlantic Relations & Global Challenges,,2016-03-29,archive (3y+),ttip-beyond-the-beltway-american-perspectives
publication,TTIP: California’s Gateway to Europe,directus,insights,article|report (split TBD),Transatlantic Relations & Global Challenges,,2015-09-17,archive (3y+),ttip-californias-gateway-to-europe
publication,TTIP: Negotiations A Summary of Round 10,directus,insights,article|report (split TBD),Transatlantic Relations & Global Challenges,,2015-07-30,archive (3y+),ttip-negotiations-a-summary-of-round-10
publication,TTIP Negotiations: A Summary of Round 11,directus,insights,article|report (split TBD),Transatlantic Relations & Global Challenges,,2015-11-12,archive (3y+),ttip-negotiations-a-summary-of-round-11
publication,TTIP Negotiations: A Summary of Round 3,directus,insights,article|report (split TBD),Transatlantic Relations & Global Challenges,,2014-01-14,archive (3y+),ttip-negotiations-a-summary-of-round-3
publication,TTIP Negotiations: A Summary of Round 8,directus,insights,article|report (split TBD),Transatlantic Relations & Global Challenges,,2015-02-11,archive (3y+),ttip-negotiations-a-summary-of-round-8
publication,TTIP Negotiations: A Summary of Round 9,directus,insights,article|report (split TBD),Transatlantic Relations & Global Challenges,,2015-05-11,archive (3y+),ttip-negotiations-a-summary-of-round-9
publication,TTIP Negotiators Make Small Gains,directus,insights,article|report (split TBD),Transatlantic Relations & Global Challenges,,2016-10-21,archive (3y+),ttip-negotiators-make-small-gains
publication,TTIP Talks Gain Momentum After Latest Round,directus,insights,article|report (split TBD),Transatlantic Relations & Global Challenges,,2016-03-09,archive (3y+),ttip-talks-gain-momentum-after-latest-round
publication,Turning the Key to Maltese Identity,directus,insights,article|report (split TBD),Transatlantic Relations & Global Challenges,,2023-09-07,active,turning-the-key-to-maltese-identity
publication,"Two’s Company, Three’s a Crowd, and Four’s a Misfortune: Germany’s Next Coalition",directus,insights,article|report (split TBD),Democracy,,2023-08-10,active,twos-company-threes-a-crowd-and-fours-a-misfortune-germanys-next-coalition
publication,United in Division,directus,insights,article|report (split TBD),Transatlantic Relations & Global Challenges,,2025-10-02,active,united-in-division
publication,Unlocking Third-Country Nationals' Full Potential to Feed in the EU Future of Work,directus,insights,article|report (split TBD),Transatlantic Relations & Global Challenges,,2024-05-10,active,unlocking-third-country-nationals-full-potential-to-feed-in-the-eu-future-of-work
publication,"Using Technology to Bring ""Hidden Workers"" to Light",directus,insights,article|report (split TBD),Transatlantic Relations & Global Challenges,,2024-03-15,active,using-technology-to-bring-hidden-workers-to-light
publication,Washington Symposium,directus,insights,article|report (split TBD),RE-TAG (was fake category: Archives),,2019-06-17,archive (3y+),washington-symposium
publication,What Comes After Z? ,contentful,insights,article|report (split TBD),RE-TAG (no workstream),,2026-05-27,active,what-comes-after-z
publication,What's a City Worth?,directus,insights,article|report (split TBD),Democracy,,2023-03-09,archive (3y+),whats-a-city-worth
publication,What's Past is Prologue ,directus,insights,article|report (split TBD),Democracy,,2023-01-19,archive (3y+),whats-past-is-prologue
publication,When Publics Portend Policy,contentful,insights,article|report (split TBD),RE-TAG (no workstream),,2026-03-03,active,when-publics-portend-policy
publication,When States Go Rogue,directus,insights,article|report (split TBD),Democracy,,2021-07-13,archive (3y+),when-states-go-rogue
publication,When the Levee Breaks,directus,insights,article|report (split TBD),Democracy,,2020-05-14,archive (3y+),when-the-levee-breaks
publication,Where Online Meets Offline,directus,insights,article|report (split TBD),PENDING-Q3 (Digital World retired),,2023-07-13,archive (3y+),where-online-meets-offline
publication,"Winners, Losers and Coalition Questions",directus,insights,article|report (split TBD),Transatlantic Relations & Global Challenges,,2025-02-24,active,winners-losers-and-coalition-questions
super_product,Transponder Magazine,directus,insights,report,Transatlantic Relations & Global Challenges,Transponder Magazine,,unknown (no publish_date),transponder-magazine
video,"A Developing Dilemma: United States, Europe, China, and the Choices for the Global South ",directus,insights,video,Transatlantic Relations & Global Challenges,,2023-04-27,archive (3y+),a-developing-dilemma-united-states-europe-china-and-the-choices-for-the-global-south
video,A Story about Power: China’s Economic Statecraft,directus,insights,video,Democracy,,2022-01-11,archive (3y+),a-story-about-power-chinas-economic-statecraft
video,Cowboys in Krakow,directus,insights,video,Transatlantic Relations & Global Challenges,,2020-07-30,archive (3y+),cowboys-in-krakow
video,Dr. Zhivago Goes to Langley,directus,insights,video,Transatlantic Relations & Global Challenges,,2021-01-11,archive (3y+),dr-zhivago-goes-to-langley
video,East-West Divide | Frankfurt am Main,directus,insights,video,Transatlantic Relations & Global Challenges,,2019-10-16,archive (3y+),east-west-divide-frankfurt-am-main
video,Entrepreneurship | Leipzig,directus,insights,video,Transatlantic Relations & Global Challenges,,2019-10-16,archive (3y+),entrepreneurship-leipzig
video,Future of Work | Weinheim,directus,insights,video,PENDING-Q3 (Digital World retired),,2019-10-16,archive (3y+),future-of-work-weinheim
video,Germany’s Basic Law,directus,insights,video,Democracy,,2020-06-24,archive (3y+),germanys-basic-law
video,Harmony,directus,insights,video,Democracy,,2019-05-31,archive (3y+),harmony
video,How German Elections Work,directus,insights,video,Transatlantic Relations & Global Challenges,Election Analysis,2025-02-20,active,how-german-elections-work
video,How Laws are Made in Germany,directus,insights,video,Democracy,,2016-10-06,archive (3y+),how-laws-are-made-in-germany
video,How Relevant is NATO to Transatlantic Security and Defense?,directus,insights,video,Transatlantic Relations & Global Challenges,,2022-06-27,archive (3y+),how-relevant-is-nato-to-transatlantic-security-and-defense
video,How the European Parliament Works,directus,insights,video,Democracy,,2019-04-23,archive (3y+),how-the-european-parliament-works
video,How the German Government Works,directus,insights,video,Democracy,,2016-10-06,archive (3y+),how-the-german-government-works
video, How the US Presidential Election Works,directus,insights,video,Democracy,Election Analysis,2020-04-16,archive (3y+),how-the-us-presidential-election-works
video,How to Build a Governing Coalition in Germany,directus,insights,video,Transatlantic Relations & Global Challenges,,2021-09-27,archive (3y+),how-to-build-a-governing-coalition-in-germany
video,How Voting Works in Germany,directus,insights,video,Transatlantic Relations & Global Challenges,,2021-09-17,archive (3y+),how-voting-works-in-germany
video,Iran's Influence Revolution,directus,insights,video,Democracy,,2021-11-04,archive (3y+),irans-influence-revolution
video,Migration | Aachen,directus,insights,video,Transatlantic Relations & Global Challenges,,2019-10-16,archive (3y+),migration-aachen
video,No Collar Economy Africa,directus,insights,video,PENDING-Q3 (Digital World retired),,2020-06-18,archive (3y+),no-collar-economy-africa
video,Past the End of History,directus,insights,video,Transatlantic Relations & Global Challenges,,2021-03-02,archive (3y+),past-the-end-of-history
video,Political Campaigning in Germany,directus,insights,video,Transatlantic Relations & Global Challenges,,2021-09-07,archive (3y+),political-campaigning-in-germany
video,Privacy Shield 2.0 – The New Transatlantic Data Privacy Framework Explained,directus,insights,video,PENDING-Q3 (Digital World retired),,2022-08-15,archive (3y+),privacy-shield-2-0-the-new-transatlantic-data-privacy-framework-explained
video,Putting Villa 31 on the Map: Bridging the Digital Divide,directus,insights,video,PENDING-Q3 (Digital World retired),,2020-04-30,archive (3y+),putting-villa-31-on-the-map-bridging-the-digital-divide
video,Reassessing US and EU Ties with China in the Post-COVID-19 World,directus,insights,video,Transatlantic Relations & Global Challenges,,2020-05-08,archive (3y+),reassessing-us-and-eu-ties-with-china-in-the-post-covid-19-world
video,Russian Disinformation Pinballs Around the Globe,directus,insights,video,Democracy,,2021-09-29,archive (3y+),russian-disinformation-pinballs-around-the-globe
video,Shipwreck in Kansas,directus,insights,video,Transatlantic Relations & Global Challenges,,2020-11-13,archive (3y+),shipwreck-in-kansas
video,Stronger Than Hate: A story of resilience and humanity in a violent world,directus,insights,video,Transatlantic Relations & Global Challenges,,2022-11-15,archive (3y+),stronger-than-hate-a-story-of-resilience-and-humanity-in-a-violent-world
video,The Boogaloo Ballad Of Henry Graves,directus,insights,video,Democracy,,2020-09-21,archive (3y+),the-boogaloo-ballad-of-henry-graves
video,The Crossroads India: Growth and Growing Pains,directus,insights,video,PENDING-Q3 (Digital World retired),,2017-09-14,archive (3y+),the-crossroads-india-growth-and-growing-pains
video,The Curious Case of Billyjack Buzzard,directus,insights,video,PENDING-Q3 (Digital World retired),,2020-04-21,archive (3y+),the-curious-case-of-billyjack-buzzard
video,The European Energy Crisis Explained,directus,insights,video,Transatlantic Relations & Global Challenges,,2023-03-22,archive (3y+),the-european-energy-crisis-explained
video,The Evolution of Germany’s Political Spectrum,directus,insights,video,Transatlantic Relations & Global Challenges,,2021-08-24,archive (3y+),the-evolution-of-germanys-political-spectrum
video,The Fight for West Virginia,directus,insights,video,Democracy,,2019-01-15,archive (3y+),the-fight-for-west-virginia
video,The Journey of An American Apprentice,directus,insights,video,PENDING-Q3 (Digital World retired),,2020-11-12,archive (3y+),the-journey-of-an-american-apprentice
video,The No Collar Economy: Argentina,directus,insights,video,PENDING-Q3 (Digital World retired),,2018-07-19,archive (3y+),the-no-collar-economy-argentina
video,The Power of German-American Exchange,directus,insights,video,Transatlantic Relations & Global Challenges,,2020-10-26,archive (3y+),the-power-of-german-american-exchange
video,The Troubles with Brexit,directus,insights,video,Democracy,,2019-09-06,archive (3y+),the-troubles-with-brexit
video,Uncivil War ,directus,insights,video,Democracy,,2020-10-22,archive (3y+),uncivil-war
video,Voter Suppression,directus,insights,video,Democracy,,2020-10-15,archive (3y+),voter-suppression
video,What is Gerrymandering?,directus,insights,video,Democracy,,2020-09-09,archive (3y+),what-is-gerrymandering
video,Whatever it Takes,directus,insights,video,Transatlantic Relations & Global Challenges,,2020-05-08,archive (3y+),whatever-it-takes
video,Zeitenwende: The Next Era of German Security,directus,insights,video,Transatlantic Relations & Global Challenges,,2024-02-26,active,zeitenwende-the-next-era-of-german-security
product,100 Questions ,directus,programs,,RE-TAG (was fake category: Archives),,2020-06-24,archive (3y+),100-questions
product,2020 Participants,contentful,programs,,RE-TAG (no workstream),,,unknown (no publish_date),2020-participants
product,2021 Participants,contentful,programs,,RE-TAG (no workstream),,,unknown (no publish_date),2021-participants
product,2022,directus,programs,,Future Leadership,,2026-01-13,active,2022
product,2022 Participants,contentful,programs,,RE-TAG (no workstream),,,unknown (no publish_date),2022-participants
product,2023,directus,programs,,Future Leadership,,2026-01-14,active,2023
product,2023 Participants,contentful,programs,,RE-TAG (no workstream),,,unknown (no publish_date),2023-participants
product,2024,directus,programs,,Future Leadership,,2026-01-15,active,2024
product,2025 - Astropolitics,directus,programs,,Future Leadership,Astropolitics,2026-01-16,active,2025-astropolitics
product,Are democracies a dying breed? - 2,directus,programs,,RE-TAG (was fake category: Podcasts),,2023-03-29,archive (3y+),are-democracies-a-dying-breed-2
product,CEPI 2010,directus,programs,,Transatlantic Relations & Global Challenges,,2021-06-08,archive (3y+),cepi-2010
product,CEPI 2011,directus,programs,,Transatlantic Relations & Global Challenges,,2021-06-08,archive (3y+),cepi-2011
product,Class of 2010,directus,programs,,Future Leadership,,2022-12-13,archive (3y+),class-of-2010
product,Class of 2011,directus,programs,,Future Leadership,,2022-12-13,archive (3y+),class-of-2011
product,Class of 2012,directus,programs,,Future Leadership,,2021-04-09,archive (3y+),class-of-2012
product,Class of 2013,directus,programs,,Future Leadership,,2021-04-09,archive (3y+),class-of-2013
product,Class of 2014,directus,programs,,Future Leadership,,2021-04-09,archive (3y+),class-of-2014
product,Class of 2015,directus,programs,,Future Leadership,,2021-04-08,archive (3y+),class-of-2015
product,Class of 2016,directus,programs,,Future Leadership,,2021-04-08,archive (3y+),class-of-2016
product,Class of 2017,directus,programs,,Future Leadership,,2021-04-07,archive (3y+),class-of-2017
product,Class of 2018,directus,programs,,Future Leadership,,2021-03-17,archive (3y+),class-of-2018
product,Class of 2019,directus,programs,,Future Leadership,,2021-03-18,archive (3y+),class-of-2019
product,Class of 2020,directus,programs,,Future Leadership,,2020-10-28,archive (3y+),class-of-2020
product,Class of 2021,directus,programs,,Future Leadership,,2021-03-02,archive (3y+),class-of-2021
product,Class of 2022,directus,programs,,Future Leadership,,2022-11-08,archive (3y+),class-of-2022
product,Class of 2026,directus,programs,,Future Leadership,,2025-12-19,active,class-of-2026
product,Episode 1 | What Are Transatlantic Relations Today?,directus,programs,,RE-TAG (was fake category: Podcasts),,2022-01-11,archive (3y+),episode-1-what-are-transatlantic-relations-today
product,"Episode 2 | Online Platform Regulation, Content Moderation, & Free Speech",directus,programs,,RE-TAG (was fake category: Podcasts),,2022-03-03,archive (3y+),episode-2-online-platform-regulation-content-moderation-free-speech
product,Episode 3 | Transatlantic Security,directus,programs,,RE-TAG (was fake category: Podcasts),,2022-04-20,archive (3y+),episode-3-transatlantic-security
product,Episode 4 | Change Beyond Climate,directus,programs,,RE-TAG (was fake category: Podcasts),,2022-11-09,archive (3y+),episode-4-change-beyond-climate
product,Episode 5 | Transatlantic Generational Divide,directus,programs,,RE-TAG (was fake category: Podcasts),,2022-12-19,archive (3y+),episode-5-transatlantic-generational-divide
product,How to Fix Democracy,directus,programs,,Democracy,How to Fix Democracy,2020-05-30,archive (3y+),how-to-fix-democracy
product,Intro to crowdsourced forecasting - 1,directus,programs,,RE-TAG (was fake category: Podcasts),,2023-03-01,archive (3y+),intro-to-crowdsourced-forecasting-1
product,"Partner, Competitor, or Rival: The Transatlantic Relationship with China - 6",directus,programs,,RE-TAG (was fake category: Podcasts),,2024-01-23,active,partner-competitor-or-rival-the-transatlantic-relationship-with-china-6
product,RANGE,directus,programs,,Transatlantic Relations & Global Challenges,RANGE,2022-06-27,archive (3y+),range
product,Season 4 Special Episode | Moisés Naím,directus,programs,,RE-TAG (was fake category: Podcasts),,2023-03-06,archive (3y+),season-4-special-episode-mois-s-na-m
product,"Season 5, Episode 10 | Carol Anderson",directus,programs,,RE-TAG (was fake category: Podcasts),,2024-02-14,active,season-5-episode-10-carol-anderson
product,"Season 5, Episode 11 | Sarah Snyder",directus,programs,,RE-TAG (was fake category: Podcasts),,2024-03-04,active,season-5-episode-11-sarah-snyder
product,"Season 5, Episode 12 | James Traub",directus,programs,,RE-TAG (was fake category: Podcasts),,2024-03-18,active,season-5-episode-12-james-traub
product,"Season 5, Episode 13 | Jeffrey Rosen",directus,programs,,RE-TAG (was fake category: Podcasts),,2024-04-03,active,season-5-episode-13-jeffrey-rosen
product,"Season 5, Episode 14 | James Kirchick",directus,programs,,RE-TAG (was fake category: Podcasts),,2024-05-08,active,season-5-episode-14-james-kirchick
product,"Season 5, Episode 15 | Jacob Heilbrunn",directus,programs,,RE-TAG (was fake category: Podcasts),,2024-06-05,active,season-5-episode-15-jacob-heilbrunn
product,"Season 5, Episode 2 | Edward Larson",directus,programs,,RE-TAG (was fake category: Podcasts),,2023-06-08,archive (3y+),season-5-episode-2-edward-larson
product,"Season 5, Episode 6 | Richard Norton Smith",directus,programs,,RE-TAG (was fake category: Podcasts),,2023-09-20,active,season-5-episode-6-richard-norton-smith
product,"Season 5, Episode 7 | Allida Black",directus,programs,,RE-TAG (was fake category: Podcasts),,2023-11-13,active,season-5-episode-7-allida-black
product,"Season 5, Episode 9 | Kevin Baker",directus,programs,,RE-TAG (was fake category: Podcasts),,2023-12-13,active,season-5-episode-9-kevin-baker
product,Summer Enrichment Series,directus,programs,,Future Leadership,Summer Enrichment Series,2022-03-31,archive (3y+),summer-enrichment-series
product,The 21st Century Space Race: Geopolitical Competition or Cooperation? - 4,directus,programs,,RE-TAG (was fake category: Podcasts),,2023-07-20,archive (3y+),the-21st-century-space-race-geopolitical-competition-or-cooperation-4
product,Transatlantic Barometer,directus,programs,,Transatlantic Relations & Global Challenges,Transatlantic Barometer,2022-06-28,archive (3y+),transatlantic-barometer
product,Transatlantic Periscope,directus,programs,,Transatlantic Relations & Global Challenges,Transatlantic Periscope,2022-04-04,archive (3y+),transatlantic-periscope
super_product,Bridging the Atlantic,directus,programs,,RE-TAG (was fake category: Podcasts),,,unknown (no publish_date),bridging-the-atlantic
super_product,City Solutions Series,directus,programs,,Democracy,City Solutions Series,,unknown (no publish_date),city-solutions-series
super_product,Editions,contentful,programs,,RE-TAG (no workstream),,,unknown (no publish_date),editions
super_product,Episodes:,contentful,programs,,RE-TAG (no workstream),,,unknown (no publish_date),episodes
super_product,How to Fix Democracy,directus,programs,,RE-TAG (was fake category: Podcasts),How to Fix Democracy,,unknown (no publish_date),how-to-fix-democracy
super_product,Latest Episodes,contentful,programs,,RE-TAG (no workstream),,,unknown (no publish_date),latest-episodes
super_product,Leadership in Action,directus,programs,,Future Leadership,Leadership in Action,,unknown (no publish_date),leadership-in-action
super_product,Summer Enrichment Series,directus,programs,,Future Leadership,Summer Enrichment Series,,unknown (no publish_date),summer-enrichment-series
super_product,Summer Enrichment Series (SES),contentful,programs,,RE-TAG (no workstream),Summer Enrichment Series,,unknown (no publish_date),summer-enrichment-series-ses
super_product,The Bertelsmann Foundation Fellowship,directus,programs,,Future Leadership,Fellowship (BFF),,unknown (no publish_date),the-bertelsmann-foundation-fellowship
super_product,Wisdom of the Crowd,directus,programs,,RE-TAG (was fake category: Podcasts),,,unknown (no publish_date),wisdom-of-the-crowd
